product_id,name,current_price,original_price,available_colors,labels,availability,url,image_url
110000104383,Lovely Blossom Floral Bikini Set,$39.99,,N/A,Underwire,In Stock,https://www.cupshe.com/products/lovely-blossom-floral-bikini-set-120000205673,https://media.cupshe.com/cdn-review.cupshe.com/cmc-admin/product/20250818/026b9c6dc98c796d837864f0e1cd8098.jpg?speedsize=mxw_540
110000104384,Ruby Wave Checkered Bikini Set,$39.99,,N/A,Underwire,In Stock,https://www.cupshe.com/products/ruby-wave-checkered-bikini-set-120000205674,https://media.cupshe.com/cdn-review.cupshe.com/cmc-admin/product/20250818/37bf8751f995c670190b0c8a9b98726e.jpg?speedsize=mxw_540
CAA12E5H011,Ruby Wave Checkered One-Piece Swimsuit,$43.99,,N/A,N/A,In Stock,https://www.cupshe.com/products/ruby-wave-checkered-one-piece-swimsuit-CAA12E5H011JG,https://media.cupshe.com/cdn-review.cupshe.com/cmc-admin/product/20250819/eab6db543e407855b60ba2f67dee9748.jpg?speedsize=mxw_540
110000104385,C’est la Vie Black Bikini Set,$31.99,,N/A,Underwire,In Stock,https://www.cupshe.com/products/c-est-la-vie-black-bikini-set-120000205675,"https://cdn-review.cupshe.com/cmc-admin/2025_08_15/17_29_140/d3318b8f-d6ca-41ba-a4fe-4576898d7875/120000205675/1.gif?x-oss-process=image/quality,q_70/format,webp"
CAA12E5H009,Hit Replay Black One-Piece Swimsuit,$31.99,,N/A,N/A,In Stock,https://www.cupshe.com/products/hit-replay-black-one-piece-swimsuit-CAA12E5H009AA,https://media.cupshe.com/cdn-review.cupshe.com/cmc-admin/product/20250814/2968f8a0e4c30d48ae37dfebd10268d0.jpg?speedsize=mxw_540
CAA12G5H001,In Plain Sight Black One-Piece Swimsuit,$36.99,,N/A,N/A,In Stock,https://www.cupshe.com/products/in-plain-sight-black-one-piece-swimsuit-CAA12G5H001AA,"https://cdn-review.cupshe.com/cmc-admin/2025_08_19/16_16_290/a481d53e-79d0-4bd5-b7ab-fdaf93504af4/CAA12G5H001AA/1.gif?x-oss-process=image/quality,q_70/format,webp"
110000104361,Glitter Crush Pink Bikini Set,$29.99,,N/A,Mix & Match Sizing,In Stock,https://www.cupshe.com/products/glitter-crush-pink-bikini-set-120000205641,https://media.cupshe.com/cdn-review.cupshe.com/cmc-admin/product/20250818/8b431c1b7e0cfc59199aaf0540818436.jpg?speedsize=mxw_540
110000104362,Papaya Spritz Coral Bikini Set,$35.99,,N/A,Mix & Match Sizing,In Stock,https://www.cupshe.com/products/papaya-spritz-coral-bikini-set-120000205642,https://media.cupshe.com/cdn-review.cupshe.com/cmc-admin/product/20250814/218effef333d54abda198be4ac4c5f8b.jpg?speedsize=mxw_540
110000104364,Match My Mood Mauve Bikini Set,$26.99,,N/A,Mix & Match Sizing,In Stock,https://www.cupshe.com/products/match-my-mood-mauve-bikini-set-120000205644,"https://www.cupshe.comdata:image/gif;base64,R0lGODlhAQABAIAAAAAAAP///yH5BAEAAAAALAAAAAABAAEAAAIBRAA7"
110000104363,Cornflower Waves Blue Bikini Set,$35.99,,N/A,Mix & Match Sizing,In Stock,https://www.cupshe.com/products/cornflower-waves-blue-bikini-set-120000205643,"https://www.cupshe.comdata:image/gif;base64,R0lGODlhAQABAIAAAAAAAP///yH5BAEAAAAALAAAAAABAAEAAAIBRAA7"
110000104382,Call Me Geo Bikini Set,$35.99,,N/A,Mix & Match Sizing,In Stock,https://www.cupshe.com/products/call-me-geo-bikini-set-120000205672,"https://www.cupshe.comdata:image/gif;base64,R0lGODlhAQABAIAAAAAAAP///yH5BAEAAAAALAAAAAABAAEAAAIBRAA7"
CAA12E5H003,Simply Serene Polka Dot Monokini Swimsuit,$35.99,,N/A,N/A,In Stock,https://www.cupshe.com/products/simply-serene-polka-dot-monokini-swimsuit-CAA12E5H003QQ,"https://www.cupshe.comdata:image/gif;base64,R0lGODlhAQABAIAAAAAAAP///yH5BAEAAAAALAAAAAABAAEAAAIBRAA7"
CAA12L5H001,Feeling Fresh Green 2-Piece Swimsuit,$35.99,,N/A,N/A,In Stock,https://www.cupshe.com/products/feeling-fresh-green-2-piece-swimsuit-CAA12L5H001PP,"https://www.cupshe.comdata:image/gif;base64,R0lGODlhAQABAIAAAAAAAP///yH5BAEAAAAALAAAAAABAAEAAAIBRAA7"
CAA12E5H010,Kiss of Lime Green One-Piece Swimsuit,$35.99,,N/A,N/A,In Stock,https://www.cupshe.com/products/kiss-of-lime-green-one-piece-swimsuit-CAA12E5H010RR,"https://www.cupshe.comdata:image/gif;base64,R0lGODlhAQABAIAAAAAAAP///yH5BAEAAAAALAAAAAABAAEAAAIBRAA7"
110000104346,Too Sweet Pink Bikini Set,$35.99,,N/A,Underwire,In Stock,https://www.cupshe.com/products/too-sweet-pink-bikini-set-120000205616,"https://www.cupshe.comdata:image/gif;base64,R0lGODlhAQABAIAAAAAAAP///yH5BAEAAAAALAAAAAABAAEAAAIBRAA7"
CAA12C5H041,Sunkissed Crush Floral Bikini Set,$29.99,,N/A,N/A,In Stock,https://www.cupshe.com/products/sunkissed-crush-floral-bikini-set-CAA12C5H041PD,"https://www.cupshe.comdata:image/gif;base64,R0lGODlhAQABAIAAAAAAAP///yH5BAEAAAAALAAAAAABAAEAAAIBRAA7"
CAA12E5H007,Simply Iconic Blue One-Piece Swimsuit,$39.99,,N/A,N/A,In Stock,https://www.cupshe.com/products/simply-iconic-blue-one-piece-swimsuit-CAA12E5H007UU,"https://www.cupshe.comdata:image/gif;base64,R0lGODlhAQABAIAAAAAAAP///yH5BAEAAAAALAAAAAABAAEAAAIBRAA7"
CAA12C5H050,High Standards Striped Bikini Set,$35.99,,N/A,N/A,In Stock,https://www.cupshe.com/products/high-standards-striped-bikini-set-CAA12C5H050UE,"https://www.cupshe.comdata:image/gif;base64,R0lGODlhAQABAIAAAAAAAP///yH5BAEAAAAALAAAAAABAAEAAAIBRAA7"
CAA12C5H044,Dusk Till Dawn Chevron Bikini Set,$35.99,,N/A,N/A,In Stock,https://www.cupshe.com/products/dusk-till-dawn-chevron-bikini-set-CAA12C5H044JB,"https://www.cupshe.comdata:image/gif;base64,R0lGODlhAQABAIAAAAAAAP///yH5BAEAAAAALAAAAAABAAEAAAIBRAA7"
110000104365,Cocoa Fleur Reversible Bikini Set,$35.99,,N/A,Mix & Match Sizing,In Stock,https://www.cupshe.com/products/cocoa-fleur-reversible-bikini-set-120000205645,"https://www.cupshe.comdata:image/gif;base64,R0lGODlhAQABAIAAAAAAAP///yH5BAEAAAAALAAAAAABAAEAAAIBRAA7"
110000104386,Cabana Heartbreaker Red Bikini Set,$35.99,,N/A,Underwire,In Stock,https://www.cupshe.com/products/cabana-heartbreaker-red-bikini-set-120000205676,"https://www.cupshe.comdata:image/gif;base64,R0lGODlhAQABAIAAAAAAAP///yH5BAEAAAAALAAAAAABAAEAAAIBRAA7"
110000104387,Rouge Revival Red Bikini Set,$29.99,,N/A,Mix & Match Sizing,In Stock,https://www.cupshe.com/products/rouge-revival-red-bikini-set-120000205677,"https://www.cupshe.comdata:image/gif;base64,R0lGODlhAQABAIAAAAAAAP///yH5BAEAAAAALAAAAAABAAEAAAIBRAA7"
CAA12E5H016,Amber Blaze Tummy Control One-Piece Swimsuit,$35.99,,N/A,Tummy Control,In Stock,https://www.cupshe.com/products/amber-blaze-tummy-control-one-piece-swimsuit-CAA12E5H016EE,"https://www.cupshe.comdata:image/gif;base64,R0lGODlhAQABAIAAAAAAAP///yH5BAEAAAAALAAAAAABAAEAAAIBRAA7"
CAA12E5G052,Paradise Scene Tropical One-Piece Swimsuit,$39.99,,N/A,N/A,In Stock,https://www.cupshe.com/products/paradise-scene-tropical-one-piece-swimsuit-CAA12E5G052SC,"https://www.cupshe.comdata:image/gif;base64,R0lGODlhAQABAIAAAAAAAP///yH5BAEAAAAALAAAAAABAAEAAAIBRAA7"
110000104357,Sun in Sight Tropical Bikini Set,$35.99,,N/A,Mix & Match Sizing,In Stock,https://www.cupshe.com/products/sun-in-sight-tropical-bikini-set-120000205627,"https://www.cupshe.comdata:image/gif;base64,R0lGODlhAQABAIAAAAAAAP///yH5BAEAAAAALAAAAAABAAEAAAIBRAA7"
110000104353,Malibu Coast Tropical Tankini Set,$43.99,,N/A,Mix & Match Sizing,In Stock,https://www.cupshe.com/products/malibu-coast-tropical-tankini-set-120000205623,"https://www.cupshe.comdata:image/gif;base64,R0lGODlhAQABAIAAAAAAAP///yH5BAEAAAAALAAAAAABAAEAAAIBRAA7"
110000104326,Flower Spell Floral Bikini Set,$35.99,,N/A,Underwire,In Stock,https://www.cupshe.com/products/flower-spell-floral-bikini-set-120000205586,"https://www.cupshe.comdata:image/gif;base64,R0lGODlhAQABAIAAAAAAAP///yH5BAEAAAAALAAAAAABAAEAAAIBRAA7"
CAA12E5H022,Sky’s Out Blue One-Piece Swimsuit,$39.99,,N/A,N/A,In Stock,https://www.cupshe.com/products/sky-s-out-blue-one-piece-swimsuit-CAA12E5H022UC,"https://www.cupshe.comdata:image/gif;base64,R0lGODlhAQABAIAAAAAAAP///yH5BAEAAAAALAAAAAABAAEAAAIBRAA7"
CAA12C5H029,Shoreline Shine Blue Bikini Set,$35.99,,"120000205619, 120000205611",Underwire,In Stock,https://www.cupshe.com/products/shoreline-shine-blue-bikini-set-120000205619,"https://www.cupshe.comdata:image/gif;base64,R0lGODlhAQABAIAAAAAAAP///yH5BAEAAAAALAAAAAABAAEAAAIBRAA7"
CAA12E5H006,Sleek Moves Long Torso One-Piece Swimsuit,$35.99,,N/A,Long Torso,In Stock,https://www.cupshe.com/products/sleek-moves-black-one-piece-swimsuit-CAA12E5H006AA,"https://www.cupshe.comdata:image/gif;base64,R0lGODlhAQABAIAAAAAAAP///yH5BAEAAAAALAAAAAABAAEAAAIBRAA7"
CAA12C5E111,In Deep Colorblock Bikini Set,$26.99,,"CAA12C5E111SR, CAA12C5E111CE",N/A,In Stock,https://www.cupshe.com/products/in-deep-colorblock-bikini-set-CAA12C5E111SR,"https://www.cupshe.comdata:image/gif;base64,R0lGODlhAQABAIAAAAAAAP///yH5BAEAAAAALAAAAAABAAEAAAIBRAA7"
CAA12E5D105,Brownie Points Brown One-Piece Swimsuit,$31.99,,"CAA12E5D105TT, CAA12E5D105AA",N/A,In Stock,https://www.cupshe.com/products/brownie-points-brown-one-piece-swimsuit-CAA12E5D105TT,"https://www.cupshe.comdata:image/gif;base64,R0lGODlhAQABAIAAAAAAAP///yH5BAEAAAAALAAAAAABAAEAAAIBRAA7"
CAA12E5H005,Off the Hook Tummy Control One-Piece Swimsuit,$39.99,,N/A,Long Torso,In Stock,https://www.cupshe.com/products/off-the-hook-tummy-control-one-piece-swimsuit-CAA12E5H005DD,"https://www.cupshe.comdata:image/gif;base64,R0lGODlhAQABAIAAAAAAAP///yH5BAEAAAAALAAAAAABAAEAAAIBRAA7"
DASF1229,Longline V Neck Bralette & Navy Classic High Waist Bikini Set,$33.99,,"120000200490, 120000205613",HOT,In Stock,https://www.cupshe.com/products/longline-v-neck-bralette-navy-classic-high-waist-bikini-set,"https://www.cupshe.comdata:image/gif;base64,R0lGODlhAQABAIAAAAAAAP///yH5BAEAAAAALAAAAAABAAEAAAIBRAA7"
CAA12E4E092,Mesh Backless One-Piece Swimsuit,$41.99,,N/A,Tummy Control,In Stock,https://www.cupshe.com/products/mesh-backless-one-piece-swimsuit-CAA12E4E092AA,"https://www.cupshe.comdata:image/gif;base64,R0lGODlhAQABAIAAAAAAAP///yH5BAEAAAAALAAAAAABAAEAAAIBRAA7"
AC11484,Black & Eucalyptus Wrapped Bikini Top & High-Waisted Bottoms Set,$40.99,,"DAA12C4E006AR, 120000203934, ASF9054BB, DAA12C2M001TT",N/A,In Stock,https://www.cupshe.com/products/black-eucalyptus-wrapped-bikini-top-high-rise-bottoms-set-DAA12C4E006AR,"https://www.cupshe.comdata:image/gif;base64,R0lGODlhAQABAIAAAAAAAP///yH5BAEAAAAALAAAAAABAAEAAAIBRAA7"
CAA12E4D133,Plum Plunging Tummy Control One-Piece,$39.99,,"CAA12E4D133JJ, CAA12E5H004UU",Tummy Control,In Stock,https://www.cupshe.com/products/plum-plunging-tummy-control-one-piece-CAA12E4D133JJ,"https://www.cupshe.comdata:image/gif;base64,R0lGODlhAQABAIAAAAAAAP///yH5BAEAAAAALAAAAAABAAEAAAIBRAA7"
110000103757,x Kelsey Anderson Bon Voyage Underwire Bikini Set,$49.99,,N/A,Underwire,In Stock,https://www.cupshe.com/products/x-kelsey-anderson-bon-voyage-underwire-bikini-set-120000204907,"https://www.cupshe.comdata:image/gif;base64,R0lGODlhAQABAIAAAAAAAP///yH5BAEAAAAALAAAAAABAAEAAAIBRAA7"
110000101621,x JoJo Colorblock Underwire Bikini Top & V-Waist Bottoms Set,$39.99,,N/A,Underwire,In Stock,https://www.cupshe.com/products/x-jojo-colorblock-underwire-bikini-top-v-waist-bottoms-set-120000202211,"https://www.cupshe.comdata:image/gif;base64,R0lGODlhAQABAIAAAAAAAP///yH5BAEAAAAALAAAAAABAAEAAAIBRAA7"
CAA12E5F009,Huntington Beach 2-Piece Swimsuit,$39.99,,"CAA12E5F009JJ, CAA12L5H002JJ, CAA12L5H003RR",N/A,In Stock,https://www.cupshe.com/products/huntington-beach-2-piece-swimsuit-CAA12E5F009JJ,"https://www.cupshe.comdata:image/gif;base64,R0lGODlhAQABAIAAAAAAAP///yH5BAEAAAAALAAAAAABAAEAAAIBRAA7"
CAA12E4F008,x JoJo Jagger U-Ring Tie Back Monokini Swimsuit,$41.99,,N/A,N/A,In Stock,https://www.cupshe.com/products/x-jojo-jagger-u-ring-tie-back-monokini-swimsuit-CAA12E4F008CH,"https://www.cupshe.comdata:image/gif;base64,R0lGODlhAQABAIAAAAAAAP///yH5BAEAAAAALAAAAAABAAEAAAIBRAA7"
CAA12C5F140,Sweet Slice Coral Bikini Set,$29.99,,"CAA12C5F140DD, CAA12C5F140HH, CAA12C5F140UU",N/A,In Stock,https://www.cupshe.com/products/sweet-slice-coral-bikini-set-CAA12C5F140DD,"https://www.cupshe.comdata:image/gif;base64,R0lGODlhAQABAIAAAAAAAP///yH5BAEAAAAALAAAAAABAAEAAAIBRAA7"
CAA12C5F121,Cocoa Hour Brown Bikini Set,$31.99,,N/A,Seamless,In Stock,https://www.cupshe.com/products/cocoa-hour-brown-bikini-set-CAA12C5F121HH,"https://www.cupshe.comdata:image/gif;base64,R0lGODlhAQABAIAAAAAAAP///yH5BAEAAAAALAAAAAABAAEAAAIBRAA7"
CAA12C5E119,Electric Spark Black Bikini Set,$30.99,,"CAA12C5E119AS, CAA12C5E119RK",N/A,In Stock,https://www.cupshe.com/products/electric-spark-black-bikini-set-CAA12C5E119AS,"https://www.cupshe.comdata:image/gif;base64,R0lGODlhAQABAIAAAAAAAP///yH5BAEAAAAALAAAAAABAAEAAAIBRAA7"
CAA12C4M053,Boho Shell Stitch Halter Bikini Top & Cheeky Bottoms Set,$41.99,,"120000204131, 120000204732, 120000205229",Mix & Match Sizing,In Stock,https://www.cupshe.com/products/boho-shell-stitch-halter-bikini-top-cheeky-bottoms-set-120000204131,"https://www.cupshe.comdata:image/gif;base64,R0lGODlhAQABAIAAAAAAAP///yH5BAEAAAAALAAAAAABAAEAAAIBRAA7"
CAA12E5G057,Just a Wink Aqua One-Piece Swimsuit,$35.99,,N/A,N/A,In Stock,https://www.cupshe.com/products/just-a-wink-aqua-one-piece-swimsuit-CAA12E5G057RR,"https://www.cupshe.comdata:image/gif;base64,R0lGODlhAQABAIAAAAAAAP///yH5BAEAAAAALAAAAAABAAEAAAIBRAA7"
CAA12E4M025,Green Square Neck Slim & Sculpt One-Piece,$40.99,,"CAA12E4M025RR, CAA12E5E086AA, CAA12E5H014UU",Slim Sculpt,In Stock,https://www.cupshe.com/products/green-square-neck-slim-sculpt-one-piece-CAA12E4M025RR,"https://www.cupshe.comdata:image/gif;base64,R0lGODlhAQABAIAAAAAAAP///yH5BAEAAAAALAAAAAABAAEAAAIBRAA7"
CAA12E5A056,Boho Floral Halter Tummy Control One-Piece Swimsuit,$40.99,,"CAA12E5A056UD, CAA12E4E013AD",Tummy Control,In Stock,https://www.cupshe.com/products/boho-floral-halter-one-piece-swimsuit-CAA12E5A056UD,"https://www.cupshe.comdata:image/gif;base64,R0lGODlhAQABAIAAAAAAAP///yH5BAEAAAAALAAAAAABAAEAAAIBRAA7"
CAA12C5B132,Island Escape Floral Bikini Set,$26.99,,"CAA12C5B132SJ, CAA12C5B132SD, CAA12C5B132UG",N/A,In Stock,https://www.cupshe.com/products/island-escape-floral-bikini-set-CAA12C5B132SJ,https://media.cupshe.com/cdn-review.cupshe.com/cmc-admin/2025_03_11/17_47_060/ddafef99-7578-4e05-9c9b-b74aa0051e66/CAA12C5B132SJ/1.jpg?speedsize=mxw_540
CAA12E4M028,Catalina Crush Floral One-Piece Swimsuit,$34.99,,N/A,N/A,In Stock,https://www.cupshe.com/products/catalina-crush-floral-one-piece-swimsuit-CAA12E5A025TT,https://media.cupshe.com/cdn-review.cupshe.com/cmc-admin/product/20250122/ee97f7a3f81f8acd4a183e15a989e7f4.jpg?speedsize=mxw_540
CAA12C3E192,Tie-Dye Wash Textured Scoop Neck Top & High Waist Bikini Set,$36.99,,N/A,HOT,In Stock,https://www.cupshe.com/products/tie-dye-wash-textured-scoop-neck-top-high-waist-bikini-set,https://media.cupshe.com/cdn-review.cupshe.com/cmc-admin/2023_08_08/10_52_481/37dd09f3-54dd-4329-aafd-5ae4cd88cbd6/CAA12C3E192SR/1.jpg?speedsize=mxw_540
110000100787,Classic Leopard Print Cross Back Midkini & High Waist Set,$37.99,,N/A,Tummy Control,In Stock,https://www.cupshe.com/products/classic-leopard-print-cross-back-midkini-high-waist-set-41836,https://media.cupshe.com/cdn-review.cupshe.com/cmc-admin/2024_01_05/10_55_410/3833e867-ec8b-4eb7-97b6-650cabe8f338/120000200997/1.jpg?speedsize=mxw_540
CAA12E4C008,Escaping Wine Tummy Control One-Piece,$38.99,,"CAA12E4C008EE, CAA12E5D024MD",N/A,In Stock,https://www.cupshe.com/products/escaping-wine-tummy-control-one-piece-CAA12E4C008EE,https://media.cupshe.com/cdn-review.cupshe.com/cmc-admin/2024_04_22/15_31_531/f8d31d92-7b77-4812-aa47-59a2d796570b/CAA12E4C008EE/1.jpg?speedsize=mxw_540
CAA12E2G010,Yellow Ditsy Wrapped Cutout One-Piece,$40.99,,"DAA12E4E019GD, CAA12E4K030BV, DAA12E2M002AA",Tummy Control,In Stock,https://www.cupshe.com/products/yellow-ditsy-wrapped-cutout-one-piece-DAA12E4E019GD,https://media.cupshe.com/cdn-review.cupshe.com/cmc-admin/2024_05_17/16_35_533/a4976211-dc30-4324-b289-8b096f697684/DAA12E4E019GD/1.jpg?speedsize=mxw_540
ADI5008,Yellow Wrap Front & Floral Print Tie Side Bikini Set,$39.99,,N/A,N/A,In Stock,https://www.cupshe.com/products/yellow-wrap-front-floral-print-tie-side-bikini-set,https://media.cupshe.com/cdn-review.cupshe.com/cmc-admin/2023_04_18/14_49_300/a3ceebe9-117a-4eea-af15-7cbefe28b12e/ADI5008B/1.jpg?speedsize=mxw_540
CAA12D4M079,Blue Blooms Ruched Tankini Top & Bottoms Set,$40.99,,N/A,N/A,In Stock,https://www.cupshe.com/products/blue-blooms-ruched-tankini-top-bottoms-set-CAA12D4M079UM,https://media.cupshe.com/cdn-review.cupshe.com/cmc-admin/2024_12_25/18_05_140/11b47703-6948-4b7f-a570-7df94cd68020/CAA12D4M079UM/1.jpg?speedsize=mxw_540
CAA12E4B008,Paisley V Neck Tummy Control One Piece Swimsuit,$34.99,,"DAA12E2G002UK, CAA12E4J021DM",HOT,In Stock,https://www.cupshe.com/products/paisley-v-neck-tummy-control-one-piece-swimsuit,"https://www.cupshe.comdata:image/gif;base64,R0lGODlhAQABAIAAAAAAAP///yH5BAEAAAAALAAAAAABAAEAAAIBRAA7"
CAA12C5E077,Vibing Seersucker Bikini Top & High-Waisted Bottoms Set,$40.99,,N/A,Mix & Match Sizing,In Stock,https://www.cupshe.com/products/vibing-seersucker-bikini-top-high-rise-bottoms-set-120000203405,"https://www.cupshe.comdata:image/gif;base64,R0lGODlhAQABAIAAAAAAAP///yH5BAEAAAAALAAAAAABAAEAAAIBRAA7"
CAA12C4E023,Brown Twist Bikini Top & Ditsy High-Waisted Bottoms Set,$32.99,,N/A,N/A,In Stock,https://www.cupshe.com/products/brown-twist-bikini-top-ditsy-high-rise-bottoms-set-CAA12C4E023JC,"https://www.cupshe.comdata:image/gif;base64,R0lGODlhAQABAIAAAAAAAP///yH5BAEAAAAALAAAAAABAAEAAAIBRAA7"
110000103383,Blooming Mosaic Floral Bikini set,$39.99,,N/A,Mix & Match Sizing,In Stock,https://www.cupshe.com/products/blooming-mosaic-floral-bikini-set-120000204503,"https://www.cupshe.comdata:image/gif;base64,R0lGODlhAQABAIAAAAAAAP///yH5BAEAAAAALAAAAAABAAEAAAIBRAA7"
110000102013,Super Bloom Ruffled Bikini Top & Slim Sculpt Bottoms Set,$43.99,,N/A,Slim Sculpt,In Stock,https://www.cupshe.com/products/super-bloom-ruffled-bikini-top-slim-sculpt-bottoms-set-120000202833,"https://www.cupshe.comdata:image/gif;base64,R0lGODlhAQABAIAAAAAAAP///yH5BAEAAAAALAAAAAABAAEAAAIBRAA7"
110000103098,Red Plunging Bikini Top & Mid-Rise Bottoms Set,$40.99,,N/A,Mix & Match Sizing,In Stock,https://www.cupshe.com/products/red-plunging-bikini-top-reversible-mid-rise-bottoms-set-120000204158,"https://www.cupshe.comdata:image/gif;base64,R0lGODlhAQABAIAAAAAAAP///yH5BAEAAAAALAAAAAABAAEAAAIBRAA7"
CAA12C5E180,Peach Nectar Pink Bikini Set,$29.99,,"CAA12C5E180DC, CAA12C5E180NH",N/A,In Stock,https://www.cupshe.com/products/peach-nectar-pink-bikini-set-CAA12C5E180DC,"https://www.cupshe.comdata:image/gif;base64,R0lGODlhAQABAIAAAAAAAP///yH5BAEAAAAALAAAAAABAAEAAAIBRAA7"
CAA12D4L065,Striped Square Neck Tankini Top & High-Waisted Bottoms Set,$36.99,,N/A,N/A,In Stock,https://www.cupshe.com/products/striped-square-neck-tankini-top-high-rise-bottoms-set-CAA12D4L065CA,"https://www.cupshe.comdata:image/gif;base64,R0lGODlhAQABAIAAAAAAAP///yH5BAEAAAAALAAAAAABAAEAAAIBRAA7"
CAA12C4H052,In Your Lane Striped Bikini Set,$31.99,,N/A,N/A,In Stock,https://www.cupshe.com/products/in-your-lane-striped-bikini-set-CAA12C4H052AC,"https://www.cupshe.comdata:image/gif;base64,R0lGODlhAQABAIAAAAAAAP///yH5BAEAAAAALAAAAAABAAEAAAIBRAA7"
CAA12E5D026,Sheer Muse Tummy Control One-Piece Swimsuit,$34.99,,"CAA12E5E091AA, CAA12E5D026JJ",Tummy Control,In Stock,https://www.cupshe.com/products/sheer-muse-tummy-control-one-piece-swimsuit-CAA12E5E091AA,"https://www.cupshe.comdata:image/gif;base64,R0lGODlhAQABAIAAAAAAAP///yH5BAEAAAAALAAAAAABAAEAAAIBRAA7"
CAA12E3L013,Roaming River V-Neck Halter Top Slim & Sculpt One Piece,$36.99,,N/A,Slim Sculpt,In Stock,https://www.cupshe.com/products/roaming-river-v-neck-halter-top-slim-sculpt-one-piece-CAA12E3L013AA,"https://www.cupshe.comdata:image/gif;base64,R0lGODlhAQABAIAAAAAAAP///yH5BAEAAAAALAAAAAABAAEAAAIBRAA7"
CAA12E3L027,Black Ginger Ribbed & Ruched One-Piece,$36.99,,"CAA12E3M067AA, CAA12E4B116UU",N/A,In Stock,https://www.cupshe.com/products/black-ginger-ribbed-ruched-one-piece-CAA12E3M067AA,"https://www.cupshe.comdata:image/gif;base64,R0lGODlhAQABAIAAAAAAAP///yH5BAEAAAAALAAAAAABAAEAAAIBRAA7"
CAA12E5C023,Beach Break Slim & Sculpt One-Piece Swimsuit,$39.99,,"CAA12E5E042AA, CAA12E5G006HH",Slim Sculpt,In Stock,https://www.cupshe.com/products/beach-break-slim-sculpt-one-piece-swimsuit-CAA12E5E042AA,"https://www.cupshe.comdata:image/gif;base64,R0lGODlhAQABAIAAAAAAAP///yH5BAEAAAAALAAAAAABAAEAAAIBRAA7"
CAA12C3M085,Black Keyhole Bikini Top & High-Waisted Bottoms Set,$34.99,,N/A,N/A,In Stock,https://www.cupshe.com/products/black-keyhole-bikini-top-high-rise-bottoms-set-CAA12C4D059AA,"https://www.cupshe.comdata:image/gif;base64,R0lGODlhAQABAIAAAAAAAP///yH5BAEAAAAALAAAAAABAAEAAAIBRAA7"
CAA12C4L096,Black Crossback Bikini Top & High-Cut Bottoms Set,$35.99,,N/A,N/A,In Stock,https://www.cupshe.com/products/black-crossback-bikini-top-high-cut-bottoms-set-CAA12C4L096AA,"https://www.cupshe.comdata:image/gif;base64,R0lGODlhAQABAIAAAAAAAP///yH5BAEAAAAALAAAAAABAAEAAAIBRAA7"
CAA12E4K031,Black Ruched Tummy Control One-Piece,$40.99,,"CAA12E4K032AA, CAA12E4K031UU",Tummy Control,In Stock,https://www.cupshe.com/products/black-ruched-tummy-control-one-piece-CAA12E4K032AA,"https://www.cupshe.comdata:image/gif;base64,R0lGODlhAQABAIAAAAAAAP///yH5BAEAAAAALAAAAAABAAEAAAIBRAA7"
CAA12E4M044,Deep Plunge Back-Tie One-Piece,$38.99,,"CAA12E4M044AA, CAA12E5C097EE, CAA12E5F070UC",N/A,In Stock,https://www.cupshe.com/products/deep-plunge-back-tie-one-piece-CAA12E4M044AA,"https://www.cupshe.comdata:image/gif;base64,R0lGODlhAQABAIAAAAAAAP///yH5BAEAAAAALAAAAAABAAEAAAIBRAA7"
CAA12E4F011,x JoJo Sunstone Colorblock Cutout One-Piece Swimsuit,$39.99,,N/A,N/A,In Stock,https://www.cupshe.com/products/x-jojo-sunstone-colorblock-cutout-one-piece-swimsuit-CAA12E4F011SU,"https://www.cupshe.comdata:image/gif;base64,R0lGODlhAQABAIAAAAAAAP///yH5BAEAAAAALAAAAAABAAEAAAIBRAA7"
CAA12E4F007,x JoJo Coastal Rib Knotted Cutout Piping One-Piece Swimsuit,$43.99,,"CAA12E4F007CA, CAA12E5G015SS",N/A,In Stock,https://www.cupshe.com/products/x-jojo-coastal-rib-knotted-cutout-piping-one-piece-swimsuit-CAA12E4F007CA,"https://www.cupshe.comdata:image/gif;base64,R0lGODlhAQABAIAAAAAAAP///yH5BAEAAAAALAAAAAABAAEAAAIBRAA7"
110000101622,Escaping Stripe Bikini Bralette & Cheeky Bottoms Set,$38.99,,N/A,Mix & Match Sizing,In Stock,https://www.cupshe.com/products/x-jojo-escaping-stripe-bikini-bralette-cheeky-bottoms-set-120000202212,"https://www.cupshe.comdata:image/gif;base64,R0lGODlhAQABAIAAAAAAAP///yH5BAEAAAAALAAAAAABAAEAAAIBRAA7"
CAA12E4C132,Per Sempre One-Piece Swimsuit,$40.99,,"CAA12E4C132HG, CAA12E5F006KC",N/A,In Stock,https://www.cupshe.com/products/per-sempre-one-piece-swimsuit-CAA12E4C132HG,"https://www.cupshe.comdata:image/gif;base64,R0lGODlhAQABAIAAAAAAAP///yH5BAEAAAAALAAAAAABAAEAAAIBRAA7"
110000103372,x JJD When in Rome Abstract Bikini Set,$35.19,,N/A,Underwire,In Stock,https://www.cupshe.com/products/x-jjd-when-in-rome-abstract-bikini-set-120000204482,"https://www.cupshe.comdata:image/gif;base64,R0lGODlhAQABAIAAAAAAAP///yH5BAEAAAAALAAAAAABAAEAAAIBRAA7"
CAA12E5A009,x JJD Island Fresco Paisley One-Piece Swimsuit,$40.99,,N/A,Underwire,In Stock,https://www.cupshe.com/products/x-jjd-riviera-retreat-paisley-one-piece-swimsuit-CAA12E5A009DD,"https://www.cupshe.comdata:image/gif;base64,R0lGODlhAQABAIAAAAAAAP///yH5BAEAAAAALAAAAAABAAEAAAIBRAA7"
110000102064,x JoJo Coastal Rib Piping Bandeau & High-Waisted Bottoms Set,$41.99,,N/A,Mix & Match Sizing,In Stock,https://www.cupshe.com/products/x-jojo-coastal-rib-piping-bandeau-high-rise-bottoms-set-120000202874,"https://www.cupshe.comdata:image/gif;base64,R0lGODlhAQABAIAAAAAAAP///yH5BAEAAAAALAAAAAABAAEAAAIBRAA7"
CAA12C5C016,Tropical Print Whip Stitch Bikini Top & High-Rise Bottoms Set,$41.99,,"120000203455, 120000205287, CAA12C5C016JJ",Mix & Match Sizing,In Stock,https://www.cupshe.com/products/tropical-print-whip-stitch-bikini-top-high-rise-bottoms-set-120000203455,"https://www.cupshe.comdata:image/gif;base64,R0lGODlhAQABAIAAAAAAAP///yH5BAEAAAAALAAAAAABAAEAAAIBRAA7"
CAA12E5E011,x Kelsey Anderson Summer Reel One-Piece Swimsuit,$35.99,,"CAA12E5E011AA, CAA12E5G013JJ, CAA12E5G014TG",N/A,In Stock,https://www.cupshe.com/products/x-kelsey-anderson-summer-reel-one-piece-swimsuit-CAA12E5E011AA,"https://www.cupshe.comdata:image/gif;base64,R0lGODlhAQABAIAAAAAAAP///yH5BAEAAAAALAAAAAABAAEAAAIBRAA7"
CAA12E4M057,Cherry Side Ruched Back Cutout One-Piece,$38.99,,N/A,Tummy Control,In Stock,https://www.cupshe.com/products/cherry-side-ruched-back-cutout-one-piece--CAA12E4M057EE,"https://www.cupshe.comdata:image/gif;base64,R0lGODlhAQABAIAAAAAAAP///yH5BAEAAAAALAAAAAABAAEAAAIBRAA7"
CAA12E3E104,Multicolored Leopard Print O-Ring One Piece Swimsuit,$32.99,,N/A,HOT,In Stock,https://www.cupshe.com/products/multicolored-leopard-print-o-ring-one-piece-swimsuit,"https://www.cupshe.comdata:image/gif;base64,R0lGODlhAQABAIAAAAAAAP///yH5BAEAAAAALAAAAAABAAEAAAIBRAA7"
CAA12C3G138,Earthly Aruba Flower Tie Front Top & Mid Rise Shirred Bikini Set,$36.99,,"120000200485, 120000205494",Underwire,In Stock,https://www.cupshe.com/products/earthly-aruba-flower-tie-front-top-mid-rise-shirred-bikini-set,"https://www.cupshe.comdata:image/gif;base64,R0lGODlhAQABAIAAAAAAAP///yH5BAEAAAAALAAAAAABAAEAAAIBRAA7"
CAA12E4M081,Emerald Tease Green Monokini Swimsuit,$34.99,,"CAA12E4M081RR, CAA12E4M081WW",N/A,In Stock,https://www.cupshe.com/products/emerald-tease-green-monokini-swimsuit-CAA12E4M081RR,"https://www.cupshe.comdata:image/gif;base64,R0lGODlhAQABAIAAAAAAAP///yH5BAEAAAAALAAAAAABAAEAAAIBRAA7"
CAA12C3L012,Sporty Racerback Bikini Bralette & Standard Bottoms Set,$31.99,,"120000202226, 120000201622",Mix & Match Sizing,In Stock,https://www.cupshe.com/products/sporty-racerback-bikini-bralette-standard-bottoms-set-120000202226,"https://www.cupshe.comdata:image/gif;base64,R0lGODlhAQABAIAAAAAAAP///yH5BAEAAAAALAAAAAABAAEAAAIBRAA7"
CAA12E5H026,Feel the Rush Black One-Piece Swimsuit,$29.99,,N/A,N/A,In Stock,https://www.cupshe.com/products/feel-the-rush-black-one-piece-swimsuit-CAA12E5H026AA,"https://www.cupshe.comdata:image/gif;base64,R0lGODlhAQABAIAAAAAAAP///yH5BAEAAAAALAAAAAABAAEAAAIBRAA7"
CAA12D4G079,Black Tummy Control Tankini & Floral Bottoms Set,$40.99,,N/A,N/A,In Stock,https://www.cupshe.com/products/black-tummy-control-tankini-floral-bottoms-set-CAA12D4G079AA,"https://www.cupshe.comdata:image/gif;base64,R0lGODlhAQABAIAAAAAAAP///yH5BAEAAAAALAAAAAABAAEAAAIBRAA7"
CAA12E5G005,Night Swan Long Torso One-Piece Swimsuit,$43.99,,N/A,Long Torso,In Stock,https://www.cupshe.com/products/night-swan-long-torso-one-piece-swimsuit-CAA12E5G005AC,"https://www.cupshe.comdata:image/gif;base64,R0lGODlhAQABAIAAAAAAAP///yH5BAEAAAAALAAAAAABAAEAAAIBRAA7"
110000104348,Good Natured Floral Bikini Set,$39.99,,N/A,Mix & Match Sizing,In Stock,https://www.cupshe.com/products/good-natured-floral-bikini-set-120000205618,https://media.cupshe.com/cdn-review.cupshe.com/cmc-admin/product/20250804/aea5f9b07fe524b06d886331d68cfe9f.jpg?speedsize=mxw_540
110000104121,Coral Blossom Floral Bikini Set,$35.99,,N/A,Underwire,In Stock,https://www.cupshe.com/products/coral-blossom-floral-bikini-set-120000205331,https://media.cupshe.com/cdn-review.cupshe.com/cmc-admin/product/20250623/33367740cc2dda28789ef13132430a9a.jpg?speedsize=mxw_540
CAA12E3F39,Floral Plunging Flutter Strap Tummy Control One-Piece,$41.99,,"CAA12E4K024SK, CAA12E4F069DM, CAA12E5A052CT",Tummy Control,In Stock,https://www.cupshe.com/products/floral-plunging-flutter-strap-tummy-control-one-piece-CAA12E4K024SK,https://media.cupshe.com/cdn-review.cupshe.com/cmc-admin/product/20241008/5e1b940ea2cf174802a19ab02a16332c.jpg?speedsize=mxw_540
110000104123,Sicilian Sunset Floral Bikini Set,$35.99,,N/A,Underwire,In Stock,https://www.cupshe.com/products/sicilian-sunset-floral-bikini-set-120000205333,https://media.cupshe.com/cdn-review.cupshe.com/cmc-admin/2025_06_25/15_10_170/5561680b-f09b-4355-bf1a-0d5c6118d6fc/120000205333/%E4%BA%A7%E5%93%81_1.jpg?speedsize=mxw_540
110000104324,Sizzling Hot Red Tankini Set,$35.99,,N/A,Mix & Match Sizing,In Stock,https://www.cupshe.com/products/sizzling-hot-red-tankini-set-120000205584,https://media.cupshe.com/cdn-review.cupshe.com/cmc-admin/product/20250806/b1a05dde488b7c2d1a0819ad09f1cb01.jpg?speedsize=mxw_540
CAA12C3D030,Red V-Neck Top & Classic Hipster Bikini Swimsuit,$27.99,,N/A,Mix & Match Sizing,In Stock,https://www.cupshe.com/products/emerge-v-neck-top-classic-hipster-bikini-set,https://media.cupshe.com/cdn-review.cupshe.com/cmc-admin/2023_05_16/15_29_150/7bb52059-5052-4952-97fd-454bb6833c41/120000200609/1.jpg?speedsize=mxw_540
CAA12E4G040,Cherry Bikini Top & Plunging Ruched Swim Set,$38.99,,"CAA12E4D054EE, CAA12E4G040QQ, CAA12E4G041AA, CAA12L4M001UU",Underwire,In Stock,https://www.cupshe.com/products/cherry-bikini-top-plunging-ruched-swim-set-CAA12E4D054EE,https://media.cupshe.com/cdn-review.cupshe.com/cmc-admin/2024_11_13/18_43_394/089252c6-af26-4f2d-a233-cdf4b773c50d/CAA12E4D054EE/5.jpg?speedsize=mxw_540
CAA12E4M023,Navy Tummy Control Micro Cutout One-Piece,$42.99,,N/A,Tummy Control,In Stock,https://www.cupshe.com/products/navy-tummy-control-micro-cutout-one-piece-CAA12E4M023UU,"https://www.cupshe.comdata:image/gif;base64,R0lGODlhAQABAIAAAAAAAP///yH5BAEAAAAALAAAAAABAAEAAAIBRAA7"
110000104156,Bronze Babe Black Bikini Set,$35.99,,N/A,Underwire,In Stock,https://www.cupshe.com/products/bronze-babe-black-bikini-set-120000205346,"https://www.cupshe.comdata:image/gif;base64,R0lGODlhAQABAIAAAAAAAP///yH5BAEAAAAALAAAAAABAAEAAAIBRAA7"
CAA12C5B012,Morning Mist Navy Bikini Set,$29.99,,"120000204532, 120000204964",Mix & Match Sizing,In Stock,https://www.cupshe.com/products/morning-mist-navy-bikini-set-120000204532,"https://www.cupshe.comdata:image/gif;base64,R0lGODlhAQABAIAAAAAAAP///yH5BAEAAAAALAAAAAABAAEAAAIBRAA7"
CAA12E5C032,Vixen Glow Tummy Control One-Piece Swimsuit,$37.99,,"CAA12E5C032TT, CAA12E5F004UU",Tummy Control,In Stock,https://www.cupshe.com/products/vixen-glow-tummy-control-one-piece-swimsuit-CAA12E5C032TT,"https://www.cupshe.comdata:image/gif;base64,R0lGODlhAQABAIAAAAAAAP///yH5BAEAAAAALAAAAAABAAEAAAIBRAA7"
CAA12L4K002,Coffee Brown Plunging Bikini Set & Skirt Set,$42.99,,N/A,N/A,In Stock,https://www.cupshe.com/products/coffee-brown-plunging-bikini-top-cheeky-bottoms-set-CAA12L4K002HH,"https://www.cupshe.comdata:image/gif;base64,R0lGODlhAQABAIAAAAAAAP///yH5BAEAAAAALAAAAAABAAEAAAIBRAA7"
CAA12C3E185,Mesh Halter Bralette & High Waist Bikini Set,$25.19,,N/A,HOT,In Stock,https://www.cupshe.com/products/mesh-halter-bralette-high-waist-bikini-set,"https://www.cupshe.comdata:image/gif;base64,R0lGODlhAQABAIAAAAAAAP///yH5BAEAAAAALAAAAAABAAEAAAIBRAA7"
CAA12D5G079,Sunkissed Plans Striped Tankini Set,$30.99,,N/A,N/A,In Stock,https://www.cupshe.com/products/sunkissed-plans-striped-tankini-set-CAA12D5G079SD,"https://www.cupshe.comdata:image/gif;base64,R0lGODlhAQABAIAAAAAAAP///yH5BAEAAAAALAAAAAABAAEAAAIBRAA7"
CAA12C5C033,Sunset Canvas Abstract Bikini Set,$34.99,,"120000204593, 120000205031",Underwire,In Stock,https://www.cupshe.com/products/sunset-canvas-abstract-bikini-set-120000204593,"https://www.cupshe.comdata:image/gif;base64,R0lGODlhAQABAIAAAAAAAP///yH5BAEAAAAALAAAAAABAAEAAAIBRAA7"
110000104130,Sunkissed Magic Orange Bikini Set,$29.99,,N/A,Mix & Match Sizing,In Stock,https://www.cupshe.com/products/sunkissed-magic-orange-bikini-set-120000205340,"https://www.cupshe.comdata:image/gif;base64,R0lGODlhAQABAIAAAAAAAP///yH5BAEAAAAALAAAAAABAAEAAAIBRAA7"
CAA12C5D179,Off Limits Black Bikini Set,$29.99,,N/A,N/A,In Stock,https://www.cupshe.com/products/off-limits-black-bikini-set-CAA12C5D179AA,"https://www.cupshe.comdata:image/gif;base64,R0lGODlhAQABAIAAAAAAAP///yH5BAEAAAAALAAAAAABAAEAAAIBRAA7"
CAA12C4K176,Baby Doll Pink Bikini Set,$29.99,,"CAA12C4K176DC, CAA12C4K176AC",N/A,In Stock,https://www.cupshe.com/products/baby-doll-pink-bikini-set-CAA12C4K176DC,"https://www.cupshe.comdata:image/gif;base64,R0lGODlhAQABAIAAAAAAAP///yH5BAEAAAAALAAAAAABAAEAAAIBRAA7"
110000104262,High Spirits Abstract Bikini Set,$39.99,,N/A,Mix & Match Sizing,In Stock,https://www.cupshe.com/products/high-spirits-abstract-bikini-set-120000205492,"https://www.cupshe.comdata:image/gif;base64,R0lGODlhAQABAIAAAAAAAP///yH5BAEAAAAALAAAAAABAAEAAAIBRAA7"
CAA12E5E135,Just Enough Black One-Piece Swimsuit,$31.99,,N/A,N/A,In Stock,https://www.cupshe.com/products/just-enough-black-one-piece-swimsuit-CAA12E5E135AA,"https://www.cupshe.comdata:image/gif;base64,R0lGODlhAQABAIAAAAAAAP///yH5BAEAAAAALAAAAAABAAEAAAIBRAA7"
110000104051,Pretty Peony Pink Bikini Set,$35.99,,"120000205581, 120000205251",Underwire,In Stock,https://www.cupshe.com/products/pretty-peony-pink-bikini-set-120000205581,"https://www.cupshe.comdata:image/gif;base64,R0lGODlhAQABAIAAAAAAAP///yH5BAEAAAAALAAAAAABAAEAAAIBRAA7"
CAA12E5G008,Twilight Grace Long Torso One-Piece Swimsuit,$35.99,,N/A,Long Torso,In Stock,https://www.cupshe.com/products/twilight-grace-long-torso-one-piece-swimsuit-CAA12E5G008VV,"https://www.cupshe.comdata:image/gif;base64,R0lGODlhAQABAIAAAAAAAP///yH5BAEAAAAALAAAAAABAAEAAAIBRAA7"
CAA12E5C034,Wild & Daring Animal Print Monokini Swimsuit,$30.59,,N/A,N/A,In Stock,https://www.cupshe.com/products/wild-daring-animal-print-monokini-swimsuit-CAA12E5C034JD,"https://www.cupshe.comdata:image/gif;base64,R0lGODlhAQABAIAAAAAAAP///yH5BAEAAAAALAAAAAABAAEAAAIBRAA7"
110000104019,Right Angle Geo Bikini Set,$34.99,,N/A,Mix & Match Sizing,In Stock,https://www.cupshe.com/products/right-angle-geo-bikini-set-120000205209,"https://www.cupshe.comdata:image/gif;base64,R0lGODlhAQABAIAAAAAAAP///yH5BAEAAAAALAAAAAABAAEAAAIBRAA7"
CAA12E5D004,Sultry Swim Tummy Control One-Piece Swimsuit,$41.99,,N/A,Tummy Control,In Stock,https://www.cupshe.com/products/sultry-swim-tummy-control-one-piece-swimsuit-CAA12E5D004AA,"https://www.cupshe.comdata:image/gif;base64,R0lGODlhAQABAIAAAAAAAP///yH5BAEAAAAALAAAAAABAAEAAAIBRAA7"
110000104351,Everyday Edit Black Bikini Set,$35.99,,N/A,Mix & Match Sizing,In Stock,https://www.cupshe.com/products/everyday-edit-black-bikini-set-120000205621,"https://www.cupshe.comdata:image/gif;base64,R0lGODlhAQABAIAAAAAAAP///yH5BAEAAAAALAAAAAABAAEAAAIBRAA7"
CAA12E5E044,Rewind Tummy Control One-Piece Swimsuit,$38.99,,CAA12E5E044UU,Long Torso,In Stock,https://www.cupshe.com/products/rewind-tummy-control-one-piece-swimsuit-CAA12E5E063AA,"https://www.cupshe.comdata:image/gif;base64,R0lGODlhAQABAIAAAAAAAP///yH5BAEAAAAALAAAAAABAAEAAAIBRAA7"
CAA12C4L074,Black Contrast Diamond Neck Bikini Top & Low-Rise Bottoms Set,$35.99,,N/A,N/A,In Stock,https://www.cupshe.com/products/black-contrast-diamond-neck-bikini-top-low-rise-bottoms-set-CAA12C4L074AA,"https://www.cupshe.comdata:image/gif;base64,R0lGODlhAQABAIAAAAAAAP///yH5BAEAAAAALAAAAAABAAEAAAIBRAA7"
CAA12E5F005,Under the Sun Tummy Control One-Piece Swimsuit,$35.99,,N/A,Tummy Control,In Stock,https://www.cupshe.com/products/under-the-sun-tummy-control-one-piece-swimsuit-CAA12E5F005AA,"https://www.cupshe.comdata:image/gif;base64,R0lGODlhAQABAIAAAAAAAP///yH5BAEAAAAALAAAAAABAAEAAAIBRAA7"
110000104347,Caught in Between Tummy Control Bikini Set,$35.99,,N/A,Tummy Control,In Stock,https://www.cupshe.com/products/caught-in-between-tummy-control-bikini-set-120000205617,"https://www.cupshe.comdata:image/gif;base64,R0lGODlhAQABAIAAAAAAAP///yH5BAEAAAAALAAAAAABAAEAAAIBRAA7"
CAA12E5H002,Sleek & Sultry Black One-Piece Swimsuit,$35.99,,N/A,N/A,In Stock,https://www.cupshe.com/products/sleek-sultry-black-one-piece-swimsuit-CAA12E5H002AA,"https://www.cupshe.comdata:image/gif;base64,R0lGODlhAQABAIAAAAAAAP///yH5BAEAAAAALAAAAAABAAEAAAIBRAA7"
CAA12E5H012,Bold Instinct Animal Print One-Piece Swimsuit,$31.99,,N/A,N/A,In Stock,https://www.cupshe.com/products/bold-instinct-animal-print-one-piece-swimsuit-CAA12E5H012JA,"https://www.cupshe.comdata:image/gif;base64,R0lGODlhAQABAIAAAAAAAP///yH5BAEAAAAALAAAAAABAAEAAAIBRAA7"
CAA12C5H049,Gilded Shore Black Bikini Set,$31.99,,N/A,N/A,In Stock,https://www.cupshe.com/products/gilded-shore-black-bikini-set-CAA12C5H049AA,"https://www.cupshe.comdata:image/gif;base64,R0lGODlhAQABAIAAAAAAAP///yH5BAEAAAAALAAAAAABAAEAAAIBRAA7"
